Sample_name	Cosine_distance_of_activity
sample-1	0.00882758003897599
sample-2	0.008349601213389568
sample-3	0.007587417238723952
