Sample_name	ΔCCF
sample-1	0.006807067997171808
sample-2	0.13648744085539474
sample-3	0.0216389105831925
