Sample_name	log_likelihood
sample-1	-14649.825126161932
sample-2	-12182.65070076301
sample-3	-13901.975145451526
