Sample_name	RR_mutaiotn-type
sample-1	0.9266348008426293
sample-2	0.9553709767887251
sample-3	0.9302328348642875
