Sample_name	RR_VAF
sample-1	0.7765193347757307
sample-2	0.8056876235813755
sample-3	0.8219880391664822
