Sample_name	The_number_of_clones	Reconstruction_rate_for_mutational_type	Reconstruction_rate_for_VAF
Mean	3.0	0.9373947521253364	0.8105195551517926
sample-1	3	0.9266392591008148	0.7723277974582742
sample-2	3	0.9553136641342954	0.8364880825646939
sample-3	3	0.9302313331408989	0.8227427854324096
