Sample_name,purity
sample-1,0.9611297596719466
sample-2,0.3778508241559602
sample-3,0.8078335713985954
